Result,Incense,Pills,Potions,Powders,Salves,Wafers
prefix,"For Incense, the formula has: ","For Pills, the formula has: ","For Potions, the formula has: ","For Powders, the formula has: ","For Salves, the formula has: ","For Wafers, the formula has: "
Triumph,"Delay: 1 moment, Duration: 4 hours, Batch: 6 caps","Delay: 1 hour, Duration: 1 day, Batch: 3 pills","Delay: 2 moments, Duration: 1 hour, Batch: 4 potions","Delay: None, Duration: 6 moments, Batch: 6 snorts","Delay: 6 moments, Duration: 1/2 hour, Batch: 3","Delay: 1 minute, Duration: 6 hours, Batch: 4 wafers"
01,"Delay: 6 moments, Duration: 1 hour, Batch: 1 cap","Delay: 4 hours, Duration: 1 day, Batch: 1 pill","Delay: 2 moments, Duration: 1 hour, Batch: 4 potions","Delay: None, Duration: 1 moment, Batch: 1 snort","Delay: 6 moments, Duration: 1/4 hour, Batch: 1 salve","Delay: 4 minutes, Duration: 1 hour , Batch: 1 wafer"
02,"Delay: 6 moments, Duration: 1 hour, Batch: 2 caps","Delay: 4 hours, Duration: 1 day, Batch: 1 pill","Delay: 2 moments, Duration: 1 hour, Batch: 4 potions","Delay: None, Duration: 1 moment, Batch: 1 snort","Delay: 6 moments, Duration: 1/4 hour, Batch: 2 salves","Delay: 4 minutes, Duration: 1 hour , Batch: 1 wafer"
03,"Delay: 6 moments, Duration: 1 hour, Batch: 3 caps","Delay: 4 hours, Duration: 1 day, Batch: 1 pill","Delay: 2 moments, Duration: 1 hour, Batch: 4 potions","Delay: None, Duration: 1 moment, Batch: 1 snort","Delay: 6 moments, Duration: 1/4 hour, Batch: 3 salves","Delay: 4 minutes, Duration: 1 hour , Batch: 2 wafers"
04,"Delay: 6 moments, Duration: 1 hour, Batch: 4 caps","Delay: 4 hours, Duration: 1 day, Batch: 1 pill","Delay: 2 moments, Duration: 1 hour, Batch: 4 potions","Delay: None, Duration: 1 moment, Batch: 1 snort","Delay: 6 moments, Duration: 1/4 hour, Batch: 4 salves","Delay: 4 minutes, Duration: 1 hour , Batch: 2 wafers"
05,"Delay: 6 moments, Duration: 1 hour, Batch: 5 caps","Delay: 4 hours, Duration: 1 day, Batch: 1 pill","Delay: 2 moments, Duration: 1 hour, Batch: 4 potions","Delay: None, Duration: 1 moment, Batch: 2 snorts","Delay: 6 moments, Duration: 1/4 hour, Batch: 5 salves","Delay: 4 minutes, Duration: 1 hour , Batch:3 wafers"
06,"Delay: 6 moments, Duration: 1 hour, Batch: 6 caps","Delay: 4 hours, Duration: 1 day, Batch: 1 pill","Delay: 2 moments, Duration: 1 hour, Batch: 4 potions","Delay: None, Duration: 1 moment, Batch: 2 snorts","Delay: 6 moments, Duration: 1/4 hour, Batch: 6 salves","Delay: 4 minutes, Duration: 1 hour , Batch:3 wafers"
07,"Delay: 6 moments, Duration: 2 hours, Batch: 1 cap","Delay: 4 hours, Duration: 1 day, Batch: 1 pill","Delay: 2 moments, Duration: 1 hour, Batch: 4 potions","Delay: None, Duration: 1 moment, Batch: 2 snorts","Delay: 6 moments, Duration: 1/2 hour, Batch: 1 salve","Delay: 4 minutes, Duration: 2 hours , Batch: 1 wafer"
08,"Delay: 6 moments, Duration: 2 hours, Batch: 2 caps","Delay: 4 hours, Duration: 1 day, Batch: 1 pill","Delay: 2 moments, Duration: 1 hour, Batch: 4 potions","Delay: None, Duration: 1 moment, Batch: 2 snorts","Delay: 6 moments, Duration: 1/2 hour, Batch: 2 salves","Delay: 4 minutes, Duration: 2 hours , Batch: 1 wafer"
09,"Delay: 6 moments, Duration: 2 hours, Batch: 3 caps","Delay: 4 hours, Duration: 1 day, Batch: 1 pill","Delay: 2 moments, Duration: 1 hour, Batch: 4 potions","Delay: None, Duration: 1 moment, Batch: 3 snorts","Delay: 6 moments, Duration: 1/2 hour, Batch: 3 salves","Delay: 4 minutes, Duration: 2 hours , Batch: 2 wafers"
0‚òÄÔ∏èÔ∏èÔ∏è,"Delay: 6 moments, Duration: 2 hours, Batch: 4 caps","Delay: 4 hours, Duration: 1 day, Batch: 1 pill","Delay: 2 moments, Duration: 1 hour, Batch: 4 potions","Delay: None, Duration: 1 moment, Batch: 3 snorts","Delay: 6 moments, Duration: 1/2 hour, Batch: 4 salves","Delay: 4 minutes, Duration: 2 hours , Batch: 2 wafers"
0üåë,"Delay: 6 moments, Duration: 2 hours, Batch: 5 caps","Delay: 4 hours, Duration: 1 day, Batch: 1 pill","Delay: 2 moments, Duration: 1 hour, Batch: 4 potions","Delay: None, Duration: 1 moment, Batch: 3 snorts","Delay: 6 moments, Duration: 1/2 hour, Batch: 5 salves","Delay: 4 minutes, Duration: 2 hours , Batch:3 wafers"
10,"Delay: 6 moments, Duration: 2 hours, Batch: 6 caps","Delay: 4 hours, Duration: 1 day, Batch: 1 pill","Delay: 2 moments, Duration: 1 hour, Batch: 4 potions","Delay: None, Duration: 1 moment, Batch: 3 snorts","Delay: 6 moments, Duration: 1/2 hour, Batch: 6 salves","Delay: 4 minutes, Duration: 2 hours , Batch:3 wafers"
11,"Delay: 6 moments, Duration: 3 hours, Batch: 1 cap","Delay: 4 hours, Duration: 1 day, Batch: 2 pills","Delay: 2 moments, Duration: 1 hour, Batch: 4 potions","Delay: None, Duration: 1 moment, Batch: 4 snorts","Delay: 6 moments, Duration: 3/4 hour, Batch: 1 salve","Delay: 4 minutes, Duration: 3 hours , Batch: 1 wafer"
12,"Delay: 6 moments, Duration: 3 hours, Batch: 2 caps","Delay: 4 hours, Duration: 1 day, Batch: 2 pills","Delay: 2 moments, Duration: 1 hour, Batch: 4 potions","Delay: None, Duration: 1 moment, Batch: 4 snorts","Delay: 6 moments, Duration: 3/4 hour, Batch: 2 salves","Delay: 4 minutes, Duration: 3 hours , Batch: 1 wafer"
13,"Delay: 6 moments, Duration: 3 hours, Batch: 3 caps","Delay: 4 hours, Duration: 1 day, Batch: 2 pills","Delay: 2 moments, Duration: 1 hour, Batch: 4 potions","Delay: None, Duration: 1 moment, Batch: 4 snorts","Delay: 6 moments, Duration: 3/4 hour, Batch: 3 salves","Delay: 4 minutes, Duration: 3 hours , Batch: 2 wafers"
14,"Delay: 6 moments, Duration: 3 hours, Batch: 4 caps","Delay: 4 hours, Duration: 1 day, Batch: 2 pills","Delay: 2 moments, Duration: 1 hour, Batch: 4 potions","Delay: None, Duration: 1 moment, Batch: 4 snorts","Delay: 6 moments, Duration: 3/4 hour, Batch: 4 salves","Delay: 4 minutes, Duration: 3 hours , Batch: 2 wafers"
15,"Delay: 6 moments, Duration: 3 hours, Batch: 5 caps","Delay: 4 hours, Duration: 1 day, Batch: 2 pills","Delay: 2 moments, Duration: 1 hour, Batch: 4 potions","Delay: None, Duration: 1 moment, Batch: 5 snorts","Delay: 6 moments, Duration: 3/4 hour, Batch: 5 salves","Delay: 4 minutes, Duration: 3 hours , Batch:3 wafers"
16,"Delay: 6 moments, Duration: 3 hours, Batch: 6 caps","Delay: 4 hours, Duration: 1 day, Batch: 2 pills","Delay: 2 moments, Duration: 1 hour, Batch: 4 potions","Delay: None, Duration: 1 moment, Batch: 5 snorts","Delay: 6 moments, Duration: 3/4 hour, Batch: 6 salves","Delay: 4 minutes, Duration: 3 hours , Batch:3 wafers"
17,"Delay: 6 moments, Duration: 4 hours, Batch: 1 cap","Delay: 4 hours, Duration: 1 day, Batch: 2 pills","Delay: 2 moments, Duration: 1 hour, Batch: 4 potions","Delay: None, Duration: 1 moment, Batch: 5 snorts","Delay: 6 moments, Duration: 1 hour, Batch: 1 salve","Delay: 4 minutes, Duration: 4 hours , Batch: 1 wafer"
18,"Delay: 6 moments, Duration: 4 hours, Batch: 2 caps","Delay: 4 hours, Duration: 1 day, Batch: 2 pills","Delay: 2 moments, Duration: 1 hour, Batch: 4 potions","Delay: None, Duration: 1 moment, Batch: 5 snorts","Delay: 6 moments, Duration: 1 hour, Batch: 2 salves","Delay: 4 minutes, Duration: 4 hours , Batch: 1 wafer"
19,"Delay: 6 moments, Duration: 4 hours, Batch: 3 caps","Delay: 4 hours, Duration: 1 day, Batch: 2 pills","Delay: 2 moments, Duration: 1 hour, Batch: 4 potions","Delay: None, Duration: 1 moment, Batch: 6 snorts","Delay: 6 moments, Duration: 1 hour, Batch: 3 salves","Delay: 4 minutes, Duration: 4 hours , Batch: 2 wafers"
1‚òÄÔ∏èÔ∏èÔ∏è,"Delay: 6 moments, Duration: 4 hours, Batch: 4 caps","Delay: 4 hours, Duration: 1 day, Batch: 2 pills","Delay: 2 moments, Duration: 1 hour, Batch: 4 potions","Delay: None, Duration: 1 moment, Batch: 6 snorts","Delay: 6 moments, Duration: 1 hour, Batch: 4 salves","Delay: 4 minutes, Duration: 4 hours , Batch: 2 wafers"
1üåë,"Delay: 6 moments, Duration: 4 hours, Batch: 5 caps","Delay: 4 hours, Duration: 1 day, Batch: 2 pills","Delay: 2 moments, Duration: 1 hour, Batch: 4 potions","Delay: None, Duration: 1 moment, Batch: 6 snorts","Delay: 6 moments, Duration: 1 hour, Batch: 5 salves","Delay: 4 minutes, Duration: 4 hours , Batch:3 wafers"
20,"Delay: 6 moments, Duration: 4 hours, Batch: 6 caps","Delay: 4 hours, Duration: 1 day, Batch: 2 pills","Delay: 2 moments, Duration: 1 hour, Batch: 4 potions","Delay: None, Duration: 1 moment, Batch: 6 snorts","Delay: 6 moments, Duration: 1 hour, Batch: 6 salves","Delay: 4 minutes, Duration: 4 hours , Batch:3 wafers"
21,"Delay: 5 moments, Duration: 1 hour, Batch: 1 cap","Delay: 4 hours, Duration: 1 day, Batch: 3 pills","Delay: 2 moments, Duration: 1 hour, Batch: 4 potions","Delay: None, Duration: 2 moments, Batch: 1 snort","Delay: 5 moments, Duration: 1/4 hour, Batch: 1 salve","Delay: 4 minutes, Duration: 5 hours , Batch: 1 wafer"
22,"Delay: 5 moments, Duration: 1 hour, Batch: 2 caps","Delay: 4 hours, Duration: 1 day, Batch: 3 pills","Delay: 2 moments, Duration: 1 hour, Batch: 4 potions","Delay: None, Duration: 2 moments, Batch: 1 snort","Delay: 5 moments, Duration: 1/4 hour, Batch: 2 salves","Delay: 4 minutes, Duration: 5 hours , Batch: 1 wafer"
23,"Delay: 5 moments, Duration: 1 hour, Batch: 3 caps","Delay: 4 hours, Duration: 1 day, Batch: 3 pills","Delay: 2 moments, Duration: 1 hour, Batch: 4 potions","Delay: None, Duration: 2 moments, Batch: 1 snort","Delay: 5 moments, Duration: 1/4 hour, Batch: 3 salves","Delay: 4 minutes, Duration: 5 hours , Batch: 2 wafers"
24,"Delay: 5 moments, Duration: 1 hour, Batch: 4 caps","Delay: 4 hours, Duration: 1 day, Batch: 3 pills","Delay: 2 moments, Duration: 1 hour, Batch: 4 potions","Delay: None, Duration: 2 moments, Batch: 1 snort","Delay: 5 moments, Duration: 1/4 hour, Batch: 4 salves","Delay: 4 minutes, Duration: 5 hours , Batch: 2 wafers"
25,"Delay: 5 moments, Duration: 1 hour, Batch: 5 caps","Delay: 4 hours, Duration: 1 day, Batch: 3 pills","Delay: 2 moments, Duration: 1 hour, Batch: 4 potions","Delay: None, Duration: 2 moments, Batch: 2 snorts","Delay: 5 moments, Duration: 1/4 hour, Batch: 5 salves","Delay: 4 minutes, Duration: 5 hours , Batch:3 wafers"
26,"Delay: 5 moments, Duration: 1 hour, Batch: 6 caps","Delay: 4 hours, Duration: 1 day, Batch: 3 pills","Delay: 2 moments, Duration: 1 hour, Batch: 4 potions","Delay: None, Duration: 2 moments, Batch: 2 snorts","Delay: 5 moments, Duration: 1/4 hour, Batch: 6 salves","Delay: 4 minutes, Duration: 5 hours , Batch:3 wafers"
27,"Delay: 5 moments, Duration: 2 hours, Batch: 1 cap","Delay: 4 hours, Duration: 1 day, Batch: 3 pills","Delay: 2 moments, Duration: 1 hour, Batch: 4 potions","Delay: None, Duration: 2 moments, Batch: 2 snorts","Delay: 5 moments, Duration: 1/2 hour, Batch: 1 salve","Delay: 4 minutes, Duration: 6 hours , Batch: 1 wafer"
28,"Delay: 5 moments, Duration: 2 hours, Batch: 2 caps","Delay: 4 hours, Duration: 1 day, Batch: 3 pills","Delay: 2 moments, Duration: 1 hour, Batch: 4 potions","Delay: None, Duration: 2 moments, Batch: 2 snorts","Delay: 5 moments, Duration: 1/2 hour, Batch: 2 salves","Delay: 4 minutes, Duration: 6 hours , Batch: 1 wafer"
29,"Delay: 5 moments, Duration: 2 hours, Batch: 3 caps","Delay: 4 hours, Duration: 1 day, Batch: 3 pills","Delay: 2 moments, Duration: 1 hour, Batch: 4 potions","Delay: None, Duration: 2 moments, Batch: 3 snorts","Delay: 5 moments, Duration: 1/2 hour, Batch: 3 salves","Delay: 4 minutes, Duration: 6 hours , Batch: 2 wafers"
2‚òÄÔ∏èÔ∏èÔ∏è,"Delay: 5 moments, Duration: 2 hours, Batch: 4 caps","Delay: 4 hours, Duration: 1 day, Batch: 3 pills","Delay: 2 moments, Duration: 1 hour, Batch: 4 potions","Delay: None, Duration: 2 moments, Batch: 3 snorts","Delay: 5 moments, Duration: 1/2 hour, Batch: 4 salves","Delay: 4 minutes, Duration: 6 hours , Batch: 2 wafers"
2üåë,"Delay: 5 moments, Duration: 2 hours, Batch: 5 caps","Delay: 4 hours, Duration: 1 day, Batch: 3 pills","Delay: 2 moments, Duration: 1 hour, Batch: 4 potions","Delay: None, Duration: 2 moments, Batch: 3 snorts","Delay: 5 moments, Duration: 1/2 hour, Batch: 5 salves","Delay: 4 minutes, Duration: 6 hours , Batch:3 wafers"
30,"Delay: 5 moments, Duration: 2 hours, Batch: 6 caps","Delay: 4 hours, Duration: 1 day, Batch: 3 pills","Delay: 2 moments, Duration: 1 hour, Batch: 4 potions","Delay: None, Duration: 2 moments, Batch: 3 snorts","Delay: 5 moments, Duration: 1/2 hour, Batch: 6 salves","Delay: 4 minutes, Duration: 6 hours , Batch:3 wafers"
31,"Delay: 5 moments, Duration: 3 hours, Batch: 1 cap","Delay: 3 hours, Duration: 1 day, Batch: 1 pill","Delay: 2 moments, Duration: 1 hour, Batch: 4 potions","Delay: None, Duration: 2 moments, Batch: 4 snorts","Delay: 5 moments, Duration: 3/4 hour, Batch: 1 salve","Delay: 3 minutes, Duration: 1 hour , Batch: 1 wafer"
32,"Delay: 5 moments, Duration: 3 hours, Batch: 2 caps","Delay: 3 hours, Duration: 1 day, Batch: 1 pill","Delay: 2 moments, Duration: 1 hour, Batch: 4 potions","Delay: None, Duration: 2 moments, Batch: 4 snorts","Delay: 5 moments, Duration: 3/4 hour, Batch: 2 salves","Delay: 3 minutes, Duration: 1 hour , Batch: 1 wafer"
33,"Delay: 5 moments, Duration: 3 hours, Batch: 3 caps","Delay: 3 hours, Duration: 1 day, Batch: 1 pill","Delay: 2 moments, Duration: 1 hour, Batch: 4 potions","Delay: None, Duration: 2 moments, Batch: 4 snorts","Delay: 5 moments, Duration: 3/4 hour, Batch: 3 salves","Delay: 3 minutes, Duration: 1 hour , Batch: 2 wafers"
34,"Delay: 5 moments, Duration: 3 hours, Batch: 4 caps","Delay: 3 hours, Duration: 1 day, Batch: 1 pill","Delay: 2 moments, Duration: 1 hour, Batch: 4 potions","Delay: None, Duration: 2 moments, Batch: 4 snorts","Delay: 5 moments, Duration: 3/4 hour, Batch: 4 salves","Delay: 3 minutes, Duration: 1 hour , Batch: 2 wafers"
35,"Delay: 5 moments, Duration: 3 hours, Batch: 5 caps","Delay: 3 hours, Duration: 1 day, Batch: 1 pill","Delay: 2 moments, Duration: 1 hour, Batch: 4 potions","Delay: None, Duration: 2 moments, Batch: 5 snorts","Delay: 5 moments, Duration: 3/4 hour, Batch: 5 salves","Delay: 3 minutes, Duration: 1 hour , Batch:3 wafers"
36,"Delay: 5 moments, Duration: 3 hours, Batch: 6 caps","Delay: 3 hours, Duration: 1 day, Batch: 1 pill","Delay: 2 moments, Duration: 1 hour, Batch: 4 potions","Delay: None, Duration: 2 moments, Batch: 5 snorts","Delay: 5 moments, Duration: 3/4 hour, Batch: 6 salves","Delay: 3 minutes, Duration: 1 hour , Batch:3 wafers"
37,"Delay: 5 moments, Duration: 4 hours, Batch: 1 cap","Delay: 3 hours, Duration: 1 day, Batch: 1 pill","Delay: 2 moments, Duration: 1 hour, Batch: 4 potions","Delay: None, Duration: 2 moments, Batch: 5 snorts","Delay: 5 moments, Duration: 1 hour, Batch: 1 salve","Delay: 3 minutes, Duration: 2 hours , Batch: 1 wafer"
38,"Delay: 5 moments, Duration: 4 hours, Batch: 2 caps","Delay: 3 hours, Duration: 1 day, Batch: 1 pill","Delay: 2 moments, Duration: 1 hour, Batch: 4 potions","Delay: None, Duration: 2 moments, Batch: 5 snorts","Delay: 5 moments, Duration: 1 hour, Batch: 2 salves","Delay: 3 minutes, Duration: 2 hours , Batch: 1 wafer"
39,"Delay: 5 moments, Duration: 4 hours, Batch: 3 caps","Delay: 3 hours, Duration: 1 day, Batch: 1 pill","Delay: 2 moments, Duration: 1 hour, Batch: 4 potions","Delay: None, Duration: 2 moments, Batch: 6 snorts","Delay: 5 moments, Duration: 1 hour, Batch: 3 salves","Delay: 3 minutes, Duration: 2 hours , Batch: 2 wafers"
3‚òÄÔ∏èÔ∏èÔ∏è,"Delay: 5 moments, Duration: 4 hours, Batch: 4 caps","Delay: 3 hours, Duration: 1 day, Batch: 1 pill","Delay: 2 moments, Duration: 1 hour, Batch: 4 potions","Delay: None, Duration: 2 moments, Batch: 6 snorts","Delay: 5 moments, Duration: 1 hour, Batch: 4 salves","Delay: 3 minutes, Duration: 2 hours , Batch: 2 wafers"
3üåë,"Delay: 5 moments, Duration: 4 hours, Batch: 5 caps","Delay: 3 hours, Duration: 1 day, Batch: 1 pill","Delay: 2 moments, Duration: 1 hour, Batch: 4 potions","Delay: None, Duration: 2 moments, Batch: 6 snorts","Delay: 5 moments, Duration: 1 hour, Batch: 5 salves","Delay: 3 minutes, Duration: 2 hours , Batch:3 wafers"
40,"Delay: 5 moments, Duration: 4 hours, Batch: 6 caps","Delay: 3 hours, Duration: 1 day, Batch: 1 pill","Delay: 2 moments, Duration: 1 hour, Batch: 4 potions","Delay: None, Duration: 2 moments, Batch: 6 snorts","Delay: 5 moments, Duration: 1 hour, Batch: 6 salves","Delay: 3 minutes, Duration: 2 hours , Batch:3 wafers"
41,"Delay: 4 moments, Duration: 1 hour, Batch: 1 cap","Delay: 3 hours, Duration: 1 day, Batch: 2 pills","Delay: 2 moments, Duration: 1 hour, Batch: 4 potions","Delay: None, Duration: 3 moments, Batch: 1 snort","Delay: 4 moments, Duration: 1/4 hour, Batch: 1 salve","Delay: 3 minutes, Duration: 3 hours , Batch: 1 wafer"
42,"Delay: 4 moments, Duration: 1 hour, Batch: 2 caps","Delay: 3 hours, Duration: 1 day, Batch: 2 pills","Delay: 2 moments, Duration: 1 hour, Batch: 4 potions","Delay: None, Duration: 3 moments, Batch: 1 snort","Delay: 4 moments, Duration: 1/4 hour, Batch: 2 salves","Delay: 3 minutes, Duration: 3 hours , Batch: 1 wafer"
43,"Delay: 4 moments, Duration: 1 hour, Batch: 3 caps","Delay: 3 hours, Duration: 1 day, Batch: 2 pills","Delay: 2 moments, Duration: 1 hour, Batch: 4 potions","Delay: None, Duration: 3 moments, Batch: 1 snort","Delay: 4 moments, Duration: 1/4 hour, Batch: 3 salves","Delay: 3 minutes, Duration: 3 hours , Batch: 2 wafers"
44,"Delay: 4 moments, Duration: 1 hour, Batch: 4 caps","Delay: 3 hours, Duration: 1 day, Batch: 2 pills","Delay: 2 moments, Duration: 1 hour, Batch: 4 potions","Delay: None, Duration: 3 moments, Batch: 1 snort","Delay: 4 moments, Duration: 1/4 hour, Batch: 4 salves","Delay: 3 minutes, Duration: 3 hours , Batch: 2 wafers"
45,"Delay: 4 moments, Duration: 1 hour, Batch: 5 caps","Delay: 3 hours, Duration: 1 day, Batch: 2 pills","Delay: 2 moments, Duration: 1 hour, Batch: 4 potions","Delay: None, Duration: 3 moments, Batch: 2 snorts","Delay: 4 moments, Duration: 1/4 hour, Batch: 5 salves","Delay: 3 minutes, Duration: 3 hours , Batch:3 wafers"
46,"Delay: 4 moments, Duration: 1 hour, Batch: 6 caps","Delay: 3 hours, Duration: 1 day, Batch: 2 pills","Delay: 2 moments, Duration: 1 hour, Batch: 4 potions","Delay: None, Duration: 3 moments, Batch: 2 snorts","Delay: 4 moments, Duration: 1/4 hour, Batch: 6 salves","Delay: 3 minutes, Duration: 3 hours , Batch:3 wafers"
47,"Delay: 4 moments, Duration: 2 hours, Batch: 1 cap","Delay: 3 hours, Duration: 1 day, Batch: 2 pills","Delay: 2 moments, Duration: 1 hour, Batch: 4 potions","Delay: None, Duration: 3 moments, Batch: 2 snorts","Delay: 4 moments, Duration: 1/2 hour, Batch: 1 salve","Delay: 3 minutes, Duration: 4 hours , Batch: 1 wafer"
48,"Delay: 4 moments, Duration: 2 hours, Batch: 2 caps","Delay: 3 hours, Duration: 1 day, Batch: 2 pills","Delay: 2 moments, Duration: 1 hour, Batch: 4 potions","Delay: None, Duration: 3 moments, Batch: 2 snorts","Delay: 4 moments, Duration: 1/2 hour, Batch: 2 salves","Delay: 3 minutes, Duration: 4 hours , Batch: 1 wafer"
49,"Delay: 4 moments, Duration: 2 hours, Batch: 3 caps","Delay: 3 hours, Duration: 1 day, Batch: 2 pills","Delay: 2 moments, Duration: 1 hour, Batch: 4 potions","Delay: None, Duration: 3 moments, Batch: 3 snorts","Delay: 4 moments, Duration: 1/2 hour, Batch: 3 salves","Delay: 3 minutes, Duration: 4 hours , Batch: 2 wafers"
4‚òÄÔ∏èÔ∏èÔ∏è,"Delay: 4 moments, Duration: 2 hours, Batch: 4 caps","Delay: 3 hours, Duration: 1 day, Batch: 2 pills","Delay: 2 moments, Duration: 1 hour, Batch: 4 potions","Delay: None, Duration: 3 moments, Batch: 3 snorts","Delay: 4 moments, Duration: 1/2 hour, Batch: 4 salves","Delay: 3 minutes, Duration: 4 hours , Batch: 2 wafers"
4üåë,"Delay: 4 moments, Duration: 2 hours, Batch: 5 caps","Delay: 3 hours, Duration: 1 day, Batch: 2 pills","Delay: 2 moments, Duration: 1 hour, Batch: 4 potions","Delay: None, Duration: 3 moments, Batch: 3 snorts","Delay: 4 moments, Duration: 1/2 hour, Batch: 5 salves","Delay: 3 minutes, Duration: 4 hours , Batch:3 wafers"
50,"Delay: 4 moments, Duration: 2 hours, Batch: 6 caps","Delay: 3 hours, Duration: 1 day, Batch: 2 pills","Delay: 2 moments, Duration: 1 hour, Batch: 4 potions","Delay: None, Duration: 3 moments, Batch: 3 snorts","Delay: 4 moments, Duration: 1/2 hour, Batch: 6 salves","Delay: 3 minutes, Duration: 4 hours , Batch:3 wafers"
51,"Delay: 4 moments, Duration: 3 hours, Batch: 1 cap","Delay: 3 hours, Duration: 1 day, Batch: 3 pills","Delay: 2 moments, Duration: 1 hour, Batch: 4 potions","Delay: None, Duration: 3 moments, Batch: 4 snorts","Delay: 4 moments, Duration: 3/4 hour, Batch: 1 salve","Delay: 3 minutes, Duration: 5 hours , Batch: 1 wafer"
52,"Delay: 4 moments, Duration: 3 hours, Batch: 2 caps","Delay: 3 hours, Duration: 1 day, Batch: 3 pills","Delay: 2 moments, Duration: 1 hour, Batch: 4 potions","Delay: None, Duration: 3 moments, Batch: 4 snorts","Delay: 4 moments, Duration: 3/4 hour, Batch: 2 salves","Delay: 3 minutes, Duration: 5 hours , Batch: 1 wafer"
53,"Delay: 4 moments, Duration: 3 hours, Batch: 3 caps","Delay: 3 hours, Duration: 1 day, Batch: 3 pills","Delay: 2 moments, Duration: 1 hour, Batch: 4 potions","Delay: None, Duration: 3 moments, Batch: 4 snorts","Delay: 4 moments, Duration: 3/4 hour, Batch: 3 salves","Delay: 3 minutes, Duration: 5 hours , Batch: 2 wafers"
54,"Delay: 4 moments, Duration: 3 hours, Batch: 4 caps","Delay: 3 hours, Duration: 1 day, Batch: 3 pills","Delay: 2 moments, Duration: 1 hour, Batch: 4 potions","Delay: None, Duration: 3 moments, Batch: 4 snorts","Delay: 4 moments, Duration: 3/4 hour, Batch: 4 salves","Delay: 3 minutes, Duration: 5 hours , Batch: 2 wafers"
55,"Delay: 4 moments, Duration: 3 hours, Batch: 5 caps","Delay: 3 hours, Duration: 1 day, Batch: 3 pills","Delay: 2 moments, Duration: 1 hour, Batch: 4 potions","Delay: None, Duration: 3 moments, Batch: 5 snorts","Delay: 4 moments, Duration: 3/4 hour, Batch: 5 salves","Delay: 3 minutes, Duration: 5 hours , Batch:3 wafers"
56,"Delay: 4 moments, Duration: 3 hours, Batch: 6 caps","Delay: 3 hours, Duration: 1 day, Batch: 3 pills","Delay: 2 moments, Duration: 1 hour, Batch: 4 potions","Delay: None, Duration: 3 moments, Batch: 5 snorts","Delay: 4 moments, Duration: 3/4 hour, Batch: 6 salves","Delay: 3 minutes, Duration: 5 hours , Batch:3 wafers"
57,"Delay: 4 moments, Duration: 4 hours, Batch: 1 cap","Delay: 3 hours, Duration: 1 day, Batch: 3 pills","Delay: 2 moments, Duration: 1 hour, Batch: 4 potions","Delay: None, Duration: 3 moments, Batch: 5 snorts","Delay: 4 moments, Duration: 1 hour, Batch: 1 salve","Delay: 3 minutes, Duration: 6 hours , Batch: 1 wafer"
58,"Delay: 4 moments, Duration: 4 hours, Batch: 2 caps","Delay: 3 hours, Duration: 1 day, Batch: 3 pills","Delay: 2 moments, Duration: 1 hour, Batch: 4 potions","Delay: None, Duration: 3 moments, Batch: 5 snorts","Delay: 4 moments, Duration: 1 hour, Batch: 2 salves","Delay: 3 minutes, Duration: 6 hours , Batch: 1 wafer"
59,"Delay: 4 moments, Duration: 4 hours, Batch: 3 caps","Delay: 3 hours, Duration: 1 day, Batch: 3 pills","Delay: 2 moments, Duration: 1 hour, Batch: 4 potions","Delay: None, Duration: 3 moments, Batch: 6 snorts","Delay: 4 moments, Duration: 1 hour, Batch: 3 salves","Delay: 3 minutes, Duration: 6 hours , Batch: 2 wafers"
5‚òÄÔ∏èÔ∏èÔ∏è,"Delay: 4 moments, Duration: 4 hours, Batch: 4 caps","Delay: 3 hours, Duration: 1 day, Batch: 3 pills","Delay: 2 moments, Duration: 1 hour, Batch: 4 potions","Delay: None, Duration: 3 moments, Batch: 6 snorts","Delay: 4 moments, Duration: 1 hour, Batch: 4 salves","Delay: 3 minutes, Duration: 6 hours , Batch: 2 wafers"
5üåë,"Delay: 4 moments, Duration: 4 hours, Batch: 5 caps","Delay: 3 hours, Duration: 1 day, Batch: 3 pills","Delay: 2 moments, Duration: 1 hour, Batch: 4 potions","Delay: None, Duration: 3 moments, Batch: 6 snorts","Delay: 4 moments, Duration: 1 hour, Batch: 5 salves","Delay: 3 minutes, Duration: 6 hours , Batch:3 wafers"
60,"Delay: 4 moments, Duration: 4 hours, Batch: 6 caps","Delay: 3 hours, Duration: 1 day, Batch: 3 pills","Delay: 2 moments, Duration: 1 hour, Batch: 4 potions","Delay: None, Duration: 3 moments, Batch: 6 snorts","Delay: 4 moments, Duration: 1 hour, Batch: 6 salves","Delay: 3 minutes, Duration: 6 hours , Batch:3 wafers"
61,"Delay: 3 moments, Duration: 1 hour, Batch: 1 cap","Delay: 2 hours, Duration: 1 day, Batch: 1 pill","Delay: 2 moments, Duration: 1 hour, Batch: 4 potions","Delay: None, Duration: 4 moments, Batch: 1 snort","Delay: 3 moments, Duration: 1/4 hour, Batch: 1 salve","Delay: 2 minutes, Duration: 1 hour , Batch: 1 wafer"
62,"Delay: 3 moments, Duration: 1 hour, Batch: 2 caps","Delay: 2 hours, Duration: 1 day, Batch: 1 pill","Delay: 2 moments, Duration: 1 hour, Batch: 4 potions","Delay: None, Duration: 4 moments, Batch: 1 snort","Delay: 3 moments, Duration: 1/4 hour, Batch: 2 salves","Delay: 2 minutes, Duration: 1 hour , Batch: 1 wafer"
63,"Delay: 3 moments, Duration: 1 hour, Batch: 3 caps","Delay: 2 hours, Duration: 1 day, Batch: 1 pill","Delay: 2 moments, Duration: 1 hour, Batch: 4 potions","Delay: None, Duration: 4 moments, Batch: 1 snort","Delay: 3 moments, Duration: 1/4 hour, Batch: 3 salves","Delay: 2 minutes, Duration: 1 hour , Batch: 2 wafers"
64,"Delay: 3 moments, Duration: 1 hour, Batch: 4 caps","Delay: 2 hours, Duration: 1 day, Batch: 1 pill","Delay: 2 moments, Duration: 1 hour, Batch: 4 potions","Delay: None, Duration: 4 moments, Batch: 1 snort","Delay: 3 moments, Duration: 1/4 hour, Batch: 4 salves","Delay: 2 minutes, Duration: 1 hour , Batch: 2 wafers"
65,"Delay: 3 moments, Duration: 1 hour, Batch: 5 caps","Delay: 2 hours, Duration: 1 day, Batch: 1 pill","Delay: 2 moments, Duration: 1 hour, Batch: 4 potions","Delay: None, Duration: 4 moments, Batch: 2 snorts","Delay: 3 moments, Duration: 1/4 hour, Batch: 5 salves","Delay: 2 minutes, Duration: 1 hour , Batch:3 wafers"
66,"Delay: 3 moments, Duration: 1 hour, Batch: 6 caps","Delay: 2 hours, Duration: 1 day, Batch: 1 pill","Delay: 2 moments, Duration: 1 hour, Batch: 4 potions","Delay: None, Duration: 4 moments, Batch: 2 snorts","Delay: 3 moments, Duration: 1/4 hour, Batch: 6 salves","Delay: 2 minutes, Duration: 1 hour , Batch:3 wafers"
67,"Delay: 3 moments, Duration: 2 hours, Batch: 1 cap","Delay: 2 hours, Duration: 1 day, Batch: 1 pill","Delay: 2 moments, Duration: 1 hour, Batch: 4 potions","Delay: None, Duration: 4 moments, Batch: 2 snorts","Delay: 3 moments, Duration: 1/2 hour, Batch: 1 salve","Delay: 2 minutes, Duration: 2 hours , Batch: 1 wafer"
68,"Delay: 3 moments, Duration: 2 hours, Batch: 2 caps","Delay: 2 hours, Duration: 1 day, Batch: 1 pill","Delay: 2 moments, Duration: 1 hour, Batch: 4 potions","Delay: None, Duration: 4 moments, Batch: 2 snorts","Delay: 3 moments, Duration: 1/2 hour, Batch: 2 salves","Delay: 2 minutes, Duration: 2 hours , Batch: 1 wafer"
69,"Delay: 3 moments, Duration: 2 hours, Batch: 3 caps","Delay: 2 hours, Duration: 1 day, Batch: 1 pill","Delay: 2 moments, Duration: 1 hour, Batch: 4 potions","Delay: None, Duration: 4 moments, Batch: 3 snorts","Delay: 3 moments, Duration: 1/2 hour, Batch: 3 salves","Delay: 2 minutes, Duration: 2 hours , Batch: 2 wafers"
6‚òÄÔ∏èÔ∏èÔ∏è,"Delay: 3 moments, Duration: 2 hours, Batch: 4 caps","Delay: 2 hours, Duration: 1 day, Batch: 1 pill","Delay: 2 moments, Duration: 1 hour, Batch: 4 potions","Delay: None, Duration: 4 moments, Batch: 3 snorts","Delay: 3 moments, Duration: 1/2 hour, Batch: 4 salves","Delay: 2 minutes, Duration: 2 hours , Batch: 2 wafers"
6üåë,"Delay: 3 moments, Duration: 2 hours, Batch: 5 caps","Delay: 2 hours, Duration: 1 day, Batch: 1 pill","Delay: 2 moments, Duration: 1 hour, Batch: 4 potions","Delay: None, Duration: 4 moments, Batch: 3 snorts","Delay: 3 moments, Duration: 1/2 hour, Batch: 5 salves","Delay: 2 minutes, Duration: 2 hours , Batch:3 wafers"
70,"Delay: 3 moments, Duration: 2 hours, Batch: 6 caps","Delay: 2 hours, Duration: 1 day, Batch: 1 pill","Delay: 2 moments, Duration: 1 hour, Batch: 4 potions","Delay: None, Duration: 4 moments, Batch: 3 snorts","Delay: 3 moments, Duration: 1/2 hour, Batch: 6 salves","Delay: 2 minutes, Duration: 2 hours , Batch:3 wafers"
71,"Delay: 3 moments, Duration: 3 hours, Batch: 1 cap","Delay: 2 hours, Duration: 1 day, Batch: 2 pills","Delay: 2 moments, Duration: 1 hour, Batch: 4 potions","Delay: None, Duration: 4 moments, Batch: 4 snorts","Delay: 3 moments, Duration: 3/4 hour, Batch: 1 salve","Delay: 2 minutes, Duration: 3 hours , Batch: 1 wafer"
72,"Delay: 3 moments, Duration: 3 hours, Batch: 2 caps","Delay: 2 hours, Duration: 1 day, Batch: 2 pills","Delay: 2 moments, Duration: 1 hour, Batch: 4 potions","Delay: None, Duration: 4 moments, Batch: 4 snorts","Delay: 3 moments, Duration: 3/4 hour, Batch: 2 salves","Delay: 2 minutes, Duration: 3 hours , Batch: 1 wafer"
73,"Delay: 3 moments, Duration: 3 hours, Batch: 3 caps","Delay: 2 hours, Duration: 1 day, Batch: 2 pills","Delay: 2 moments, Duration: 1 hour, Batch: 4 potions","Delay: None, Duration: 4 moments, Batch: 4 snorts","Delay: 3 moments, Duration: 3/4 hour, Batch: 3 salves","Delay: 2 minutes, Duration: 3 hours , Batch: 2 wafers"
74,"Delay: 3 moments, Duration: 3 hours, Batch: 4 caps","Delay: 2 hours, Duration: 1 day, Batch: 2 pills","Delay: 2 moments, Duration: 1 hour, Batch: 4 potions","Delay: None, Duration: 4 moments, Batch: 4 snorts","Delay: 3 moments, Duration: 3/4 hour, Batch: 4 salves","Delay: 2 minutes, Duration: 3 hours , Batch: 2 wafers"
75,"Delay: 3 moments, Duration: 3 hours, Batch: 5 caps","Delay: 2 hours, Duration: 1 day, Batch: 2 pills","Delay: 2 moments, Duration: 1 hour, Batch: 4 potions","Delay: None, Duration: 4 moments, Batch: 5 snorts","Delay: 3 moments, Duration: 3/4 hour, Batch: 5 salves","Delay: 2 minutes, Duration: 3 hours , Batch:3 wafers"
76,"Delay: 3 moments, Duration: 3 hours, Batch: 6 caps","Delay: 2 hours, Duration: 1 day, Batch: 2 pills","Delay: 2 moments, Duration: 1 hour, Batch: 4 potions","Delay: None, Duration: 4 moments, Batch: 5 snorts","Delay: 3 moments, Duration: 3/4 hour, Batch: 6 salves","Delay: 2 minutes, Duration: 3 hours , Batch:3 wafers"
77,"Delay: 3 moments, Duration: 4 hours, Batch: 1 cap","Delay: 2 hours, Duration: 1 day, Batch: 2 pills","Delay: 2 moments, Duration: 1 hour, Batch: 4 potions","Delay: None, Duration: 4 moments, Batch: 5 snorts","Delay: 3 moments, Duration: 1 hour, Batch: 1 salve","Delay: 2 minutes, Duration: 4 hours , Batch: 1 wafer"
78,"Delay: 3 moments, Duration: 4 hours, Batch: 2 caps","Delay: 2 hours, Duration: 1 day, Batch: 2 pills","Delay: 2 moments, Duration: 1 hour, Batch: 4 potions","Delay: None, Duration: 4 moments, Batch: 5 snorts","Delay: 3 moments, Duration: 1 hour, Batch: 2 salves","Delay: 2 minutes, Duration: 4 hours , Batch: 1 wafer"
79,"Delay: 3 moments, Duration: 4 hours, Batch: 3 caps","Delay: 2 hours, Duration: 1 day, Batch: 2 pills","Delay: 2 moments, Duration: 1 hour, Batch: 4 potions","Delay: None, Duration: 4 moments, Batch: 6 snorts","Delay: 3 moments, Duration: 1 hour, Batch: 3 salves","Delay: 2 minutes, Duration: 4 hours , Batch: 2 wafers"
7‚òÄÔ∏èÔ∏èÔ∏è,"Delay: 3 moments, Duration: 4 hours, Batch: 4 caps","Delay: 2 hours, Duration: 1 day, Batch: 2 pills","Delay: 2 moments, Duration: 1 hour, Batch: 4 potions","Delay: None, Duration: 4 moments, Batch: 6 snorts","Delay: 3 moments, Duration: 1 hour, Batch: 4 salves","Delay: 2 minutes, Duration: 4 hours , Batch: 2 wafers"
7üåë,"Delay: 3 moments, Duration: 4 hours, Batch: 5 caps","Delay: 2 hours, Duration: 1 day, Batch: 2 pills","Delay: 2 moments, Duration: 1 hour, Batch: 4 potions","Delay: None, Duration: 4 moments, Batch: 6 snorts","Delay: 3 moments, Duration: 1 hour, Batch: 5 salves","Delay: 2 minutes, Duration: 4 hours , Batch:3 wafers"
80,"Delay: 3 moments, Duration: 4 hours, Batch: 6 caps","Delay: 2 hours, Duration: 1 day, Batch: 2 pills","Delay: 2 moments, Duration: 1 hour, Batch: 4 potions","Delay: None, Duration: 4 moments, Batch: 6 snorts","Delay: 3 moments, Duration: 1 hour, Batch: 6 salves","Delay: 2 minutes, Duration: 4 hours , Batch:3 wafers"
81,"Delay: 2 moments, Duration: 1 hour, Batch: 1 cap","Delay: 2 hours, Duration: 1 day, Batch: 3 pills","Delay: 2 moments, Duration: 1 hour, Batch: 4 potions","Delay: None, Duration: 5 moments, Batch: 1 snort","Delay: 2 moments, Duration: 1/4 hour, Batch: 1 salve","Delay: 2 minutes, Duration: 5 hours , Batch: 1 wafer"
82,"Delay: 2 moments, Duration: 1 hour, Batch: 2 caps","Delay: 2 hours, Duration: 1 day, Batch: 3 pills","Delay: 2 moments, Duration: 1 hour, Batch: 4 potions","Delay: None, Duration: 5 moments, Batch: 1 snort","Delay: 2 moments, Duration: 1/4 hour, Batch: 2 salves","Delay: 2 minutes, Duration: 5 hours , Batch: 1 wafer"
83,"Delay: 2 moments, Duration: 1 hour, Batch: 3 caps","Delay: 2 hours, Duration: 1 day, Batch: 3 pills","Delay: 2 moments, Duration: 1 hour, Batch: 4 potions","Delay: None, Duration: 5 moments, Batch: 1 snort","Delay: 2 moments, Duration: 1/4 hour, Batch: 3 salves","Delay: 2 minutes, Duration: 5 hours , Batch: 2 wafers"
84,"Delay: 2 moments, Duration: 1 hour, Batch: 4 caps","Delay: 2 hours, Duration: 1 day, Batch: 3 pills","Delay: 2 moments, Duration: 1 hour, Batch: 4 potions","Delay: None, Duration: 5 moments, Batch: 1 snort","Delay: 2 moments, Duration: 1/4 hour, Batch: 4 salves","Delay: 2 minutes, Duration: 5 hours , Batch: 2 wafers"
85,"Delay: 2 moments, Duration: 1 hour, Batch: 5 caps","Delay: 2 hours, Duration: 1 day, Batch: 3 pills","Delay: 2 moments, Duration: 1 hour, Batch: 4 potions","Delay: None, Duration: 5 moments, Batch: 2 snorts","Delay: 2 moments, Duration: 1/4 hour, Batch: 5 salves","Delay: 2 minutes, Duration: 5 hours , Batch:3 wafers"
86,"Delay: 2 moments, Duration: 1 hour, Batch: 6 caps","Delay: 2 hours, Duration: 1 day, Batch: 3 pills","Delay: 2 moments, Duration: 1 hour, Batch: 4 potions","Delay: None, Duration: 5 moments, Batch: 2 snorts","Delay: 2 moments, Duration: 1/4 hour, Batch: 6 salves","Delay: 2 minutes, Duration: 5 hours , Batch:3 wafers"
87,"Delay: 2 moments, Duration: 2 hours, Batch: 1 cap","Delay: 2 hours, Duration: 1 day, Batch: 3 pills","Delay: 2 moments, Duration: 1 hour, Batch: 4 potions","Delay: None, Duration: 5 moments, Batch: 2 snorts","Delay: 2 moments, Duration: 1/2 hour, Batch: 1 salve","Delay: 2 minutes, Duration: 6 hours , Batch: 1 wafer"
88,"Delay: 2 moments, Duration: 2 hours, Batch: 2 caps","Delay: 2 hours, Duration: 1 day, Batch: 3 pills","Delay: 2 moments, Duration: 1 hour, Batch: 4 potions","Delay: None, Duration: 5 moments, Batch: 2 snorts","Delay: 2 moments, Duration: 1/2 hour, Batch: 2 salves","Delay: 2 minutes, Duration: 6 hours , Batch: 1 wafer"
89,"Delay: 2 moments, Duration: 2 hours, Batch: 3 caps","Delay: 2 hours, Duration: 1 day, Batch: 3 pills","Delay: 2 moments, Duration: 1 hour, Batch: 4 potions","Delay: None, Duration: 5 moments, Batch: 3 snorts","Delay: 2 moments, Duration: 1/2 hour, Batch: 3 salves","Delay: 2 minutes, Duration: 6 hours , Batch: 2 wafers"
8‚òÄÔ∏èÔ∏èÔ∏è,"Delay: 2 moments, Duration: 2 hours, Batch: 4 caps","Delay: 2 hours, Duration: 1 day, Batch: 3 pills","Delay: 2 moments, Duration: 1 hour, Batch: 4 potions","Delay: None, Duration: 5 moments, Batch: 3 snorts","Delay: 2 moments, Duration: 1/2 hour, Batch: 4 salves","Delay: 2 minutes, Duration: 6 hours , Batch: 2 wafers"
8üåë,"Delay: 2 moments, Duration: 2 hours, Batch: 5 caps","Delay: 2 hours, Duration: 1 day, Batch: 3 pills","Delay: 2 moments, Duration: 1 hour, Batch: 4 potions","Delay: None, Duration: 5 moments, Batch: 3 snorts","Delay: 2 moments, Duration: 1/2 hour, Batch: 5 salves","Delay: 2 minutes, Duration: 6 hours , Batch:3 wafers"
90,"Delay: 2 moments, Duration: 2 hours, Batch: 6 caps","Delay: 2 hours, Duration: 1 day, Batch: 3 pills","Delay: 2 moments, Duration: 1 hour, Batch: 4 potions","Delay: None, Duration: 5 moments, Batch: 3 snorts","Delay: 2 moments, Duration: 1/2 hour, Batch: 6 salves","Delay: 2 minutes, Duration: 6 hours , Batch:3 wafers"
91,"Delay: 2 moments, Duration: 3 hours, Batch: 1 cap","Delay: 1 hour, Duration: 1 day, Batch: 1 pill","Delay: 2 moments, Duration: 1 hour, Batch: 4 potions","Delay: None, Duration: 5 moments, Batch: 4 snorts","Delay: 2 moments, Duration: 3/4 hour, Batch: 1 salve","Delay: 1 minute, Duration: 1 hour , Batch: 1 wafer"
92,"Delay: 2 moments, Duration: 3 hours, Batch: 2 caps","Delay: 1 hour, Duration: 1 day, Batch: 1 pill","Delay: 2 moments, Duration: 1 hour, Batch: 4 potions","Delay: None, Duration: 5 moments, Batch: 4 snorts","Delay: 2 moments, Duration: 3/4 hour, Batch: 2 salves","Delay: 1 minute, Duration: 1 hour , Batch: 1 wafer"
93,"Delay: 2 moments, Duration: 3 hours, Batch: 3 caps","Delay: 1 hour, Duration: 1 day, Batch: 1 pill","Delay: 2 moments, Duration: 1 hour, Batch: 4 potions","Delay: None, Duration: 5 moments, Batch: 4 snorts","Delay: 2 moments, Duration: 3/4 hour, Batch: 3 salves","Delay: 1 minute, Duration: 1 hour , Batch: 2 wafers"
94,"Delay: 2 moments, Duration: 3 hours, Batch: 4 caps","Delay: 1 hour, Duration: 1 day, Batch: 1 pill","Delay: 2 moments, Duration: 1 hour, Batch: 4 potions","Delay: None, Duration: 5 moments, Batch: 4 snorts","Delay: 2 moments, Duration: 3/4 hour, Batch: 4 salves","Delay: 1 minute, Duration: 1 hour , Batch: 2 wafers"
95,"Delay: 2 moments, Duration: 3 hours, Batch: 5 caps","Delay: 1 hour, Duration: 1 day, Batch: 1 pill","Delay: 2 moments, Duration: 1 hour, Batch: 4 potions","Delay: None, Duration: 5 moments, Batch: 5 snorts","Delay: 2 moments, Duration: 3/4 hour, Batch: 5 salves","Delay: 1 minute, Duration: 1 hour , Batch:3 wafers"
96,"Delay: 2 moments, Duration: 3 hours, Batch: 6 caps","Delay: 1 hour, Duration: 1 day, Batch: 1 pill","Delay: 2 moments, Duration: 1 hour, Batch: 4 potions","Delay: None, Duration: 5 moments, Batch: 5 snorts","Delay: 2 moments, Duration: 3/4 hour, Batch: 6 salves","Delay: 1 minute, Duration: 1 hour , Batch:3 wafers"
97,"Delay: 2 moments, Duration: 4 hours, Batch: 1 cap","Delay: 1 hour, Duration: 1 day, Batch: 1 pill","Delay: 2 moments, Duration: 1 hour, Batch: 4 potions","Delay: None, Duration: 5 moments, Batch: 5 snorts","Delay: 2 moments, Duration: 1 hour, Batch: 1 salve","Delay: 1 minute, Duration: 2 hours , Batch: 1 wafer"
98,"Delay: 2 moments, Duration: 4 hours, Batch: 2 caps","Delay: 1 hour, Duration: 1 day, Batch: 1 pill","Delay: 2 moments, Duration: 1 hour, Batch: 4 potions","Delay: None, Duration: 5 moments, Batch: 5 snorts","Delay: 2 moments, Duration: 1 hour, Batch: 2 salves","Delay: 1 minute, Duration: 2 hours , Batch: 1 wafer"
99,"Delay: 2 moments, Duration: 4 hours, Batch: 3 caps","Delay: 1 hour, Duration: 1 day, Batch: 1 pill","Delay: 2 moments, Duration: 1 hour, Batch: 4 potions","Delay: None, Duration: 5 moments, Batch: 6 snorts","Delay: 2 moments, Duration: 1 hour, Batch: 3 salves","Delay: 1 minute, Duration: 2 hours , Batch: 2 wafers"
9‚òÄÔ∏èÔ∏èÔ∏è,"Delay: 2 moments, Duration: 4 hours, Batch: 4 caps","Delay: 1 hour, Duration: 1 day, Batch: 1 pill","Delay: 2 moments, Duration: 1 hour, Batch: 4 potions","Delay: None, Duration: 5 moments, Batch: 6 snorts","Delay: 2 moments, Duration: 1 hour, Batch: 4 salves","Delay: 1 minute, Duration: 2 hours , Batch: 2 wafers"
9üåë,"Delay: 2 moments, Duration: 4 hours, Batch: 5 caps","Delay: 1 hour, Duration: 1 day, Batch: 1 pill","Delay: 2 moments, Duration: 1 hour, Batch: 4 potions","Delay: None, Duration: 5 moments, Batch: 6 snorts","Delay: 2 moments, Duration: 1 hour, Batch: 5 salves","Delay: 1 minute, Duration: 2 hours , Batch:3 wafers"
‚òÄÔ∏èÔ∏èÔ∏è0,"Delay: 2 moments, Duration: 4 hours, Batch: 6 caps","Delay: 1 hour, Duration: 1 day, Batch: 1 pill","Delay: 2 moments, Duration: 1 hour, Batch: 4 potions","Delay: None, Duration: 5 moments, Batch: 6 snorts","Delay: 2 moments, Duration: 1 hour, Batch: 6 salves","Delay: 1 minute, Duration: 2 hours , Batch:3 wafers"
‚òÄÔ∏èÔ∏èÔ∏è1,"Delay: 1 moment, Duration: 1 hour, Batch: 1 cap","Delay: 1 hour, Duration: 1 day, Batch: 2 pills","Delay: 2 moments, Duration: 1 hour, Batch: 4 potions","Delay: None, Duration: 6 moments, Batch: 1 snort","Delay: 1 moment, Duration: 1/4 hour, Batch: 1 salve","Delay: 1 minute, Duration: 3 hours , Batch: 1 wafer"
‚òÄÔ∏èÔ∏èÔ∏è2,"Delay: 1 moment, Duration: 1 hour, Batch: 2 caps","Delay: 1 hour, Duration: 1 day, Batch: 2 pills","Delay: 2 moments, Duration: 1 hour, Batch: 4 potions","Delay: None, Duration: 6 moments, Batch: 1 snort","Delay: 1 moment, Duration: 1/4 hour, Batch: 2 salves","Delay: 1 minute, Duration: 3 hours , Batch: 1 wafer"
‚òÄÔ∏èÔ∏èÔ∏è3,"Delay: 1 moment, Duration: 1 hour, Batch: 3 caps","Delay: 1 hour, Duration: 1 day, Batch: 2 pills","Delay: 2 moments, Duration: 1 hour, Batch: 4 potions","Delay: None, Duration: 6 moments, Batch: 1 snort","Delay: 1 moment, Duration: 1/4 hour, Batch: 3 salves","Delay: 1 minute, Duration: 3 hours , Batch: 2 wafers"
‚òÄÔ∏èÔ∏èÔ∏è4,"Delay: 1 moment, Duration: 1 hour, Batch: 4 caps","Delay: 1 hour, Duration: 1 day, Batch: 2 pills","Delay: 2 moments, Duration: 1 hour, Batch: 4 potions","Delay: None, Duration: 6 moments, Batch: 1 snort","Delay: 1 moment, Duration: 1/4 hour, Batch: 4 salves","Delay: 1 minute, Duration: 3 hours , Batch: 2 wafers"
‚òÄÔ∏èÔ∏èÔ∏è5,"Delay: 1 moment, Duration: 1 hour, Batch: 5 caps","Delay: 1 hour, Duration: 1 day, Batch: 2 pills","Delay: 2 moments, Duration: 1 hour, Batch: 4 potions","Delay: None, Duration: 6 moments, Batch: 2 snorts","Delay: 1 moment, Duration: 1/4 hour, Batch: 5 salves","Delay: 1 minute, Duration: 3 hours , Batch:3 wafers"
‚òÄÔ∏èÔ∏èÔ∏è6,"Delay: 1 moment, Duration: 1 hour, Batch: 6 caps","Delay: 1 hour, Duration: 1 day, Batch: 2 pills","Delay: 2 moments, Duration: 1 hour, Batch: 4 potions","Delay: None, Duration: 6 moments, Batch: 2 snorts","Delay: 1 moment, Duration: 1/4 hour, Batch: 6 salves","Delay: 1 minute, Duration: 3 hours , Batch:3 wafers"
‚òÄÔ∏èÔ∏èÔ∏è7,"Delay: 1 moment, Duration: 2 hours, Batch: 1 cap","Delay: 1 hour, Duration: 1 day, Batch: 2 pills","Delay: 2 moments, Duration: 1 hour, Batch: 4 potions","Delay: None, Duration: 6 moments, Batch: 2 snorts","Delay: 1 moment, Duration: 1/2 hour, Batch: 1 salve","Delay: 1 minute, Duration: 4 hours , Batch: 1 wafer"
‚òÄÔ∏èÔ∏èÔ∏è8,"Delay: 1 moment, Duration: 2 hours, Batch: 2 caps","Delay: 1 hour, Duration: 1 day, Batch: 2 pills","Delay: 2 moments, Duration: 1 hour, Batch: 4 potions","Delay: None, Duration: 6 moments, Batch: 2 snorts","Delay: 1 moment, Duration: 1/2 hour, Batch: 2 salves","Delay: 1 minute, Duration: 4 hours , Batch: 1 wafer"
‚òÄÔ∏èÔ∏èÔ∏è9,"Delay: 1 moment, Duration: 2 hours, Batch: 3 caps","Delay: 1 hour, Duration: 1 day, Batch: 2 pills","Delay: 2 moments, Duration: 1 hour, Batch: 4 potions","Delay: None, Duration: 6 moments, Batch: 3 snorts","Delay: 1 moment, Duration: 1/2 hour, Batch: 3 salves","Delay: 1 minute, Duration: 4 hours , Batch: 2 wafers"
‚òÄÔ∏èÔ∏èÔ∏è‚òÄÔ∏èÔ∏èÔ∏è,"Delay: 1 moment, Duration: 2 hours, Batch: 4 caps","Delay: 1 hour, Duration: 1 day, Batch: 2 pills","Delay: 2 moments, Duration: 1 hour, Batch: 4 potions","Delay: None, Duration: 6 moments, Batch: 3 snorts","Delay: 1 moment, Duration: 1/2 hour, Batch: 4 salves","Delay: 1 minute, Duration: 4 hours , Batch: 2 wafers"
‚òÄÔ∏èÔ∏èÔ∏èüåë,"Delay: 1 moment, Duration: 2 hours, Batch: 5 caps","Delay: 1 hour, Duration: 1 day, Batch: 2 pills","Delay: 2 moments, Duration: 1 hour, Batch: 4 potions","Delay: None, Duration: 6 moments, Batch: 3 snorts","Delay: 1 moment, Duration: 1/2 hour, Batch: 5 salves","Delay: 1 minute, Duration: 4 hours , Batch:3 wafers"
üåë0,"Delay: 1 moment, Duration: 2 hours, Batch: 6 caps","Delay: 1 hour, Duration: 1 day, Batch: 2 pills","Delay: 2 moments, Duration: 1 hour, Batch: 4 potions","Delay: None, Duration: 6 moments, Batch: 3 snorts","Delay: 1 moment, Duration: 1/2 hour, Batch: 6 salves","Delay: 1 minute, Duration: 4 hours , Batch:3 wafers"
üåë1,"Delay: 1 moment, Duration: 3 hours, Batch: 1 cap","Delay: 1 hour, Duration: 1 day, Batch: 3 pills","Delay: 2 moments, Duration: 1 hour, Batch: 4 potions","Delay: None, Duration: 6 moments, Batch: 4 snorts","Delay: 1 moment, Duration: 3/4 hour, Batch: 1 salve","Delay: 1 minute, Duration: 5 hours , Batch: 1 wafer"
üåë2,"Delay: 1 moment, Duration: 3 hours, Batch: 2 caps","Delay: 1 hour, Duration: 1 day, Batch: 3 pills","Delay: 2 moments, Duration: 1 hour, Batch: 4 potions","Delay: None, Duration: 6 moments, Batch: 4 snorts","Delay: 1 moment, Duration: 3/4 hour, Batch: 2 salves","Delay: 1 minute, Duration: 5 hours , Batch: 1 wafer"
üåë3,"Delay: 1 moment, Duration: 3 hours, Batch: 3 caps","Delay: 1 hour, Duration: 1 day, Batch: 3 pills","Delay: 2 moments, Duration: 1 hour, Batch: 4 potions","Delay: None, Duration: 6 moments, Batch: 4 snorts","Delay: 1 moment, Duration: 3/4 hour, Batch: 3 salves","Delay: 1 minute, Duration: 5 hours , Batch: 2 wafers"
üåë4,"Delay: 1 moment, Duration: 3 hours, Batch: 4 caps","Delay: 1 hour, Duration: 1 day, Batch: 3 pills","Delay: 2 moments, Duration: 1 hour, Batch: 4 potions","Delay: None, Duration: 6 moments, Batch: 4 snorts","Delay: 1 moment, Duration: 3/4 hour, Batch: 4 salves","Delay: 1 minute, Duration: 5 hours , Batch: 2 wafers"
üåë5,"Delay: 1 moment, Duration: 3 hours, Batch: 5 caps","Delay: 1 hour, Duration: 1 day, Batch: 3 pills","Delay: 2 moments, Duration: 1 hour, Batch: 4 potions","Delay: None, Duration: 6 moments, Batch: 5 snorts","Delay: 1 moment, Duration: 3/4 hour, Batch: 5 salves","Delay: 1 minute, Duration: 5 hours , Batch:3 wafers"
üåë6,"Delay: 1 moment, Duration: 3 hours, Batch: 6 caps","Delay: 1 hour, Duration: 1 day, Batch: 3 pills","Delay: 2 moments, Duration: 1 hour, Batch: 4 potions","Delay: None, Duration: 6 moments, Batch: 5 snorts","Delay: 1 moment, Duration: 3/4 hour, Batch: 6 salves","Delay: 1 minute, Duration: 5 hours , Batch:3 wafers"
üåë7,"Delay: 1 moment, Duration: 4 hours, Batch: 1 cap","Delay: 1 hour, Duration: 1 day, Batch: 3 pills","Delay: 2 moments, Duration: 1 hour, Batch: 4 potions","Delay: None, Duration: 6 moments, Batch: 5 snorts","Delay: 1 moment, Duration: 1 hour, Batch: 1 salve","Delay: 1 minute, Duration: 6 hours , Batch: 1 wafer"
üåë8,"Delay: 1 moment, Duration: 4 hours, Batch: 2 caps","Delay: 1 hour, Duration: 1 day, Batch: 3 pills","Delay: 2 moments, Duration: 1 hour, Batch: 4 potions","Delay: None, Duration: 6 moments, Batch: 5 snorts","Delay: 1 moment, Duration: 1 hour, Batch: 2 salves","Delay: 1 minute, Duration: 6 hours , Batch: 1 wafer"
üåë9,"Delay: 1 moment, Duration: 4 hours, Batch: 3 caps","Delay: 1 hour, Duration: 1 day, Batch: 3 pills","Delay: 2 moments, Duration: 1 hour, Batch: 4 potions","Delay: None, Duration: 6 moments, Batch: 6 snorts","Delay: 1 moment, Duration: 1 hour, Batch: 3 salves","Delay: 1 minute, Duration: 6 hours , Batch: 2 wafers"
üåë‚òÄÔ∏èÔ∏èÔ∏è,"Delay: 1 moment, Duration: 4 hours, Batch: 4 caps","Delay: 1 hour, Duration: 1 day, Batch: 3 pills","Delay: 2 moments, Duration: 1 hour, Batch: 4 potions","Delay: None, Duration: 6 moments, Batch: 6 snorts","Delay: 1 moment, Duration: 1 hour, Batch: 4 salves","Delay: 1 minute, Duration: 6 hours , Batch: 2 wafers"
üåëüåë,"Delay: 1 moment, Duration: 4 hours, Batch: 5 caps","Delay: 1 hour, Duration: 1 day, Batch: 3 pills","Delay: 2 moments, Duration: 1 hour, Batch: 4 potions","Delay: None, Duration: 6 moments, Batch: 6 snorts","Delay: 1 moment, Duration: 1 hour, Batch: 5 salves","Delay: 1 minute, Duration: 6 hours , Batch:3 wafers"